{"cameraMode":{"drawMode":0,"name":"Shaded","section":"Shading Mode"},"sceneLighting":false,"audioPlay":false,"sceneViewState":{"m_AlwaysRefresh":false,"showFog":true,"showSkybox":false,"showFlares":true,"showImageEffects":true,"showParticleSystems":true,"showVisualEffectGraphs":true,"m_FxEnabled":true},"in2DMode":false,"pivot":{"x":0.3048173189163208,"y":89.52547454833985,"z":0.20777004957199098},"rotation":{"x":-0.30277329683303835,"y":0.14592844247817994,"z":-0.046970807015895846,"w":-0.9406641125679016},"size":1.5805765390396119,"orthographic":false}