{"cameraMode":{"drawMode":0,"name":"Shaded","section":"Shading Mode"},"sceneLighting":true,"audioPlay":false,"sceneViewState":{"showFog":true,"showMaterialUpdate":false,"showSkybox":true,"showFlares":true,"showImageEffects":true,"showParticleSystems":true},"in2DMode":false,"pivot":{"x":-0.45481041073799136,"y":-0.8191242814064026,"z":3.5867719650268556},"rotation":{"x":-0.32096177339553835,"y":0.10398843139410019,"z":-0.035480525344610217,"w":-0.9406977891921997},"size":10.0,"orthographic":false}