{"cameraMode":{"drawMode":0,"name":"Shaded","section":"Shading Mode"},"sceneLighting":true,"audioPlay":false,"sceneViewState":{"showFog":false,"showMaterialUpdate":false,"showSkybox":false,"showFlares":false,"showImageEffects":false,"showParticleSystems":false},"in2DMode":false,"pivot":{"x":-0.3238842487335205,"y":174.8094940185547,"z":2076.931640625},"rotation":{"x":0.5314232707023621,"y":0.01651659794151783,"z":-0.010363961569964886,"w":0.846885085105896},"size":-4.789210319519043,"orthographic":false}